date,optuna_sol_IsT,mean_solution_IsT,lower_bound_IsT,upper_bound_IsT,optuna_sol_IgT,mean_solution_IgT,lower_bound_IgT,upper_bound_IgT,optuna_sol_EsT_EgT,mean_solution_EsT_EgT,lower_bound_EsT_EgT,upper_bound_EsT_EgT
2009.0,1935.0709228515625,1935.0709228515625,1935.0709228515625,1935.0709228515625,1502.0,1502.0,1502.0,1502.0,3504.92919921875,3504.92919921875,3504.92919921875,3504.92919921875
2009.0666666666675,1901.8428516910974,1898.9070634265606,1885.1242891139782,1912.7525966913677,1505.817027048617,1494.6633362167495,1485.6704938535074,1504.2557795358234,3520.6167589490124,3521.4656990868402,3516.4232105306887,3527.366319443946
2009.133333333335,1871.088472286673,1868.1873915532858,1843.1140967231363,1893.0556346568633,1512.3887002908539,1493.5061802896635,1476.8449726937197,1510.0167278466301,3534.3048498640237,3534.8128489162764,3525.913441829659,3545.714724747798
2009.2000000000025,1842.5134494105985,1841.437405030249,1806.9111517930105,1875.7491689980668,1520.5320540184111,1496.1552985323644,1472.8279103537539,1518.1229652632985,3546.3305670324585,3545.8107317353933,3533.8092953519135,3561.0152953336305
2009.26666666667,1815.8775405942797,1817.6479147323791,1774.6214956707713,1860.44683188144,1529.451461991595,1501.050431297347,1471.9294264035968,1527.6520120109321,3556.944902660063,3555.0306851722785,3540.325913862763,3574.031726800244
2009.3333333333376,1790.9808028346035,1796.1217439919312,1746.2155032201276,1846.2147631484725,1538.6174556979531,1507.1718969899175,1472.7470628937797,1538.115230915868,3566.3379408032997,3562.8641399855055,3545.8322093007473,3585.24093835074
2009.400000000005,1767.6538290113278,1776.3715090351773,1720.234505113417,1832.6786441968623,1547.6830671308091,1513.8590585376714,1474.5189092924634,1548.6701948471687,3574.6563916951072,3569.5818964305536,3549.9427511608674,3595.0502803086742
2009.4666666666726,1745.7507974404025,1758.0514069086603,1696.3680797053564,1819.7347941597227,1556.4261874399874,1520.6893608255639,1477.2079295275669,1559.1432211643314,3582.015802591427,3575.3736948643736,3552.971020639535,3603.885521759495
2009.5333333333401,1725.1444717135848,1740.9116498990904,1674.4494735393578,1807.8879818939074,1564.7098071625794,1527.3977469763179,1479.789879476114,1568.9862328491458,3588.5090989914743,3580.3746485155402,3554.851645349455,3611.694454558408
2009.6000000000076,1705.7225662613687,1724.767990255386,1654.1109245107907,1796.0366089000802,1572.4546365034298,1533.8230056985797,1482.4455899580717,1578.5170385869667,3594.2125755947764,3584.68291169669,3556.2239738544527,3618.3085516692136
2009.6666666666752,1687.3850681909028,1709.4812967567566,1635.4363482008084,1784.9106900542765,1579.6202620519261,1539.8720664254374,1485.103144058918,1587.982392805396,3599.190119798896,3588.371503775683,3556.6880225233863,3624.2756426730894
2009.7333333333427,1670.0422330661613,1694.9438389162126,1617.5565404069332,1773.8686786821427,1586.1921989371003,1545.4962686163738,1487.3980430929714,1596.8155867981995,3603.496206332055,3591.496230078972,3556.613144283163,3629.61468602083
2009.8000000000102,1653.6130574492686,1681.070040069157,1600.587574154798,1763.1769101380569,1592.1730029907555,1550.6756027302072,1489.792137589487,1604.7687632818393,3607.178037993588,3594.101000613804,3556.47100845147,3634.0535528532
2009.8666666666777,1638.0240930416107,1667.7902187772172,1584.6427102500243,1752.8810113370903,1597.5761934059908,1555.408269912832,1492.0332348016286,1612.123782357649,3610.2770883964367,3596.2214084279954,3555.48790518624,3638.1447961317017
2009.9333333333452,1623.2085062339258,1655.0463265529895,1569.7925185176575,1742.8606793175277,1602.4221044176218,1559.7037818437018,1494.0199572707252,1618.579207865944,3612.8302277813564,3597.8871456199104,3554.0024028401526,3642.0180108568197
2010.0000000000127,1609.1053171771816,1642.7890231199383,1555.483005756003,1732.9808353097171,1606.7350700218842,1563.5784189621704,1495.8102435000496,1624.7942729208128,3614.870554878504,3599.1236412807875,3551.817565326241,3645.4317735137884
2010.0666666666802,1595.6587716539634,1630.9756487060242,1542.0515573120108,1722.725375262666,1610.541525722176,1567.0522562268068,1497.5666504453764,1630.3873695966784,3616.428021116575,3599.953178651653,3549.626268868287,3648.4533052486627
2010.1333333333478,1582.817812608616,1619.5688009171545,1529.5232614825288,1713.1111353672989,1613.8687387793232,1570.147231903795,1499.0673799509896,1635.2733085036105,3617.5299074973223,3600.3956624065904,3547.103875950984,3650.7082194230475
2010.2000000000153,1570.535628390248,1608.5353197390232,1517.5579688850244,1703.3775609539427,1616.74397285143,1572.8859074929494,1500.3573090425705,1639.3547177206046,3618.201195117498,3600.469150937151,3544.087133364643,3652.7270860096214
2010.2666666666828,1558.7692605697744,1597.8455501717945,1505.6573422157887,1693.9649218545983,1619.193947105281,1575.2906857656683,1501.3386457965453,1642.9279469570727,3618.4648592475774,3600.190229955908,3541.086325116127,3654.3737241530753
2010.3333333333503,1547.4792596312407,1587.4727946631183,1494.6555706747888,1684.5643114689196,1621.2444988692891,1577.3833308294318,1502.0077053967175,1646.4230061109372,3618.3421067485147,3599.5742787536033,3537.748781478942,3655.617044282929
2010.4000000000178,1536.6293790283917,1577.3928968131586,1484.2161194933572,1675.3266038490806,1622.9203812295166,1579.184686970988,1502.5934539101395,1649.3752077382255,3617.852572157225,3598.6356632771617,3534.1424112784393,3656.7823826835656
2010.4666666666853,1526.186301920883,1567.5839166378792,1474.2303458877814,1666.0015622261608,1624.2451559592766,1580.7145270596416,1503.2170089492301,1651.7815339167485,3617.0144814223786,3597.387879146367,3530.194110728256,3657.66773723538
2010.5333333333529,1516.1193949424141,1558.0258704637538,1464.1178221001248,1656.5721398488222,1625.2411473509067,1581.9914842465828,1503.5354141643013,1653.9714129760432,3615.8447915065626,3595.8436602341903,3525.8150264945516,3657.9367338127936
2010.6000000000204,1506.4004855509793,1548.7005186425793,1454.8981784588373,1647.9645985274203,1625.9294367106106,1583.0330387011543,1503.7734928163543,1655.7775166548183,3614.3593107762554,3594.0150625193432,3521.3521381272362,3658.0977501074717
2010.666666666688,1497.0036588348362,1539.5911868375408,1445.7551040150713,1638.9897844191091,1626.3298831357413,1583.8555361793085,1504.1480996155312,1657.4730025230574,3612.572804629631,3591.9135313433603,3516.5848542187246,3657.7982107181465
2010.7333333333554,1487.9050738831743,1530.6826136164032,1436.7768581942082,1630.1774523495565,1626.4611632559995,1584.4742276200575,1504.4771199940926,1658.5833218509156,3610.4990873970582,3589.5499561146125,3511.640975643768,3657.5264820542616
2010.800000000023,1479.082794747465,1521.9608188727373,1428.1541897999082,1621.632014659078,1626.3408181406965,1584.9033200700553,1504.53338687195,1659.7107593195533,3608.151105064859,3586.9347157340617,3506.622381394859,3656.8367829957024
2010.8666666666904,1470.516636183034,1513.4129871976102,1419.5236985763813,1613.1586300093843,1625.98530724679,1585.1560334991302,1504.6841872602224,1660.4874620315984,3605.5410087548325,3584.0777176172273,3501.4899575068084,3655.966069061519
2010.933333333358,1462.1880228227892,1505.0273645928255,1411.1258953374868,1604.5171038804044,1625.410065008808,1585.2446599355687,1504.3630917261942,1660.7235870966597,3602.6802204071732,3580.9884313128905,3496.144801816353,3654.354322612191
2011.0000000000255,1454.079857585495,1496.7931662688616,1403.1597316897607,1596.1522134654165,1624.629557960567,1585.180622773777,1504.0619587734666,1660.8375743722772,3599.579493244109,3577.675917897719,3490.7333417101636,3652.7012370842217
2011.066666666693,1446.1764044233369,1488.7004932519058,1395.6455870090429,1587.380631440262,1623.657339989339,1584.974533988817,1503.6941691019401,1660.945401826713,3596.248964759352,3574.14885636326,3485.248333703547,3650.776626890443
2011.1333333333605,1438.4631831647162,1480.740257140337,1388.1855180580114,1578.8348094303758,1622.506105125103,1584.636249510253,1503.2043575246869,1660.7644087898138,3592.6982035120254,3570.415567049116,3479.6843662343167,3648.537768679038
2011.200000000028,1430.9268621623885,1472.9041122055053,1380.5152252953803,1571.0125991656416,1621.187742014094,1584.174921389311,1502.772248686002,1660.9000271785533,3588.9362566969176,3566.4840327364086,3473.5667089317803,3645.801774772207
2011.2666666666955,1423.5551686652248,1465.1843918586062,1373.4349700107257,1563.0262983447842,1619.7133828119672,1583.5990480255973,1502.479281395468,1660.2527339888409,3584.9716890963364,3562.3619183215565,3467.9575792990445,3642.930130001675
2011.333333333363,1416.3368024823696,1457.5740520739573,1366.3013903828253,1554.7305978162706,1618.0934516528741,1582.9165204883932,1502.1749646081687,1659.7602522777402,3580.8126202676694,3558.056588390295,3462.284336972095,3639.854893318263
2011.4000000000306,1409.2613629666448,1450.0666201209058,1359.4095847147332,1546.4877637663615,1616.3377059396273,1582.1346655663153,1501.5929771641054,1659.4609035407757,3576.4667558427927,3553.575123157232,3456.5526809749517,3636.769070983069
2011.466666666698,1402.3192713433311,1442.6561463504552,1352.4971534351318,1538.5263363424265,1614.4552815733005,1581.2602865703984,1501.004106456847,1658.6961033395776,3571.9414205282637,3548.9243336341433,3450.7678358886083,3632.842775626995
2011.5333333333656,1395.5017075575743,1435.337160559158,1345.545701875223,1531.0082105784174,1612.4547310513285,1580.299701154982,1500.6112864036238,1657.913759292112,3567.243584615382,3544.110775413434,3444.9345913666916,3628.9739546356686
2011.600000000033,1388.8005509278448,1428.1046331778916,1338.8594652679983,1522.430439293158,1610.3440597509964,1579.2587757554738,1499.824103222189,1657.1349970687943,3562.3798887635585,3539.140760992034,3438.943640867158,3625.1273944571394
2011.6666666667006,1382.2083185396154,1420.953938200294,1332.069840150498,1514.9494685374232,1608.1307642461704,1578.1429586075283,1498.7191813186582,1656.1306282599853,3557.356669567094,3534.0203717280015,3432.45328732705,3621.1752283937612
2011.7333333333681,1375.7181245810311,1413.880818531051,1325.4747970153142,1507.8015956901343,1605.8218582407294,1576.9573109021426,1498.0124294865766,1654.9262711781676,3552.1799762872106,3528.7554692518393,3425.981987694492,3617.0428840321542
2011.8000000000357,1369.3236211106553,1406.8813576043212,1319.2268460796824,1499.578847455848,1603.4239107668163,1575.7065330082823,1496.8703049913534,1653.743326707466,3546.855595137405,3523.3517048957324,3419.4077075730156,3612.578894527671
2011.8666666667032,1363.018972136159,1399.9519531138822,1312.879381339626,1491.520754794071,1600.9430633785644,1574.3949882479492,1496.0228072423736,1652.4054990619015,3541.3890598295347,3517.814528626124,3412.710191227593,3607.813658309505
2011.9333333333707,1356.7987801871348,1393.0892854914634,1306.475306614385,1484.0098647827192,1598.385078427056,1573.0267330691502,1494.6781457970064,1650.8070243482607,3535.785681513894,3512.149199466276,3406.79457666896,3602.9641198343347
2012.0000000000382,1350.6580767840424,1386.290293431034,1299.9987653216972,1476.343649157048,1595.7553470807695,1571.6055409249423,1493.4270157583983,1649.4098652991388,3530.0505523130123,3506.360794068209,3400.276641084406,3597.696214742874
2012.0666666667057,1344.5922940184503,1379.5521599387146,1293.9873177749755,1468.9672449761556,1593.0589097266563,1570.1349146805364,1492.3444748823188,1647.7290665872736,3524.188556578406,3500.4542125050543,3393.892386942019,3592.5255474552296
2012.1333333333732,1338.597217974323,1372.8722897776904,1287.922572780183,1461.270752748339,1590.3004872413499,1568.618108378745,1491.4074914377306,1646.3455681770872,3518.20438989206,3494.434186167059,3387.2579884189354,3587.273807534318
2012.2000000000407,1332.6689618904318,1366.2482893046458,1282.2312180667586,1453.7089445852007,1587.4845002813638,1567.0581475085096,1490.111012698914,1644.1253366754088,3512.1025697379764,3488.305285101544,3380.3254318728,3581.7156366558615
2012.2666666667083,1326.8039438904807,1359.6779501268131,1276.3361929539099,1446.0849448125362,1584.6150860599737,1565.4578449712594,1489.098099347661,1642.718087469585,3505.887444369184,3482.0719243963117,3373.632105236857,3575.9772135542034
2012.3333333333758,1320.998858569777,1353.1592341227113,1270.0924072804848,1438.5505167505926,1581.6961189534748,1563.8198160547431,1487.5715973114045,1640.8717371434936,3499.5632041044173,3475.7383701381214,3366.9288290491068,3570.003646314635
2012.4000000000433,1315.2506599952524,1346.6902597089158,1264.4334210424051,1432.0783164292961,1578.7312248513665,1562.1464926036006,1486.0669303935817,1638.7220613015209,3493.13388784968,3469.308744991169,3359.706111025561,3563.860590527493
2012.4666666667108,1309.5565375610167,1340.2692886272325,1258.7378122532011,1425.187120257564,1575.7237985495242,1560.4401364914415,1484.6417992247623,1636.997549158294,3486.603392908299,3462.7870338162334,3352.920980465146,3557.8709001160864
2012.5333333333783,1303.913897683205,1333.8947144683957,1252.9196386780998,1418.7320903053248,1572.677018281252,1558.7028515625418,1483.0767460390798,1635.107913010495,3479.975482237131,3456.1770886861987,3346.298648336361,3551.348740042715
2012.6000000000458,1298.3203437778525,1327.5650514210517,1246.941480947261,1411.6755971341095,1569.5938612464124,1556.9365953968393,1481.5141585200477,1632.8433123988686,3473.253792386441,3449.482633829598,3339.012248170028,3544.8912509022402
2012.6666666667134,1292.7736662986763,1321.278924588528,1240.933644284958,1404.3683545657182,1566.4771125651946,1555.1431896183583,1480.033059234,1630.8962220182584,3466.441837582802,3442.7072701714715,3332.1981773551584,3538.3211675472953
2012.7333333333809,1287.271829256714,1315.0350609298168,1234.8798481512313,1397.235399399365,1563.329377250505,1553.3243294835002,1478.408957076119,1628.9064286438106,3459.5430149549297,3435.8544797797567,3325.9359270635778,3531.880176827149
2012.8000000000484,1281.8129465316981,1308.832280779641,1229.3931094875302,1390.6993713067473,1560.1530971901109,1551.4815930204174,1477.2107681649795,1626.775295795243,3452.5606142925485,3428.927630064623,3319.1821953519666,3525.356403191247
2012.866666666716,1276.3952763284021,1302.6694901767373,1223.8657104129495,1383.9380960309543,1556.950558060324,1549.6164494862087,1475.2032372130798,1624.6133278049626,3445.4978201873855,3421.9299777732967,3312.5459913478057,3518.2037666500287
2012.9333333333834,1271.017209954193,1296.5456738885534,1218.2206920202068,1377.1931541044833,1553.7238990337776,1547.7302672375192,1473.6353960188653,1622.7333132322929,3438.3577166567184,3414.864672735989,3304.7784737991738,3511.2145253253757
2013.000000000051,1265.6772578194596,1290.459888959849,1212.80888303335,1371.3526856260567,1550.47512388087,1545.824320971208,1472.0090046793612,1620.2884104934892,3431.143292992743,3407.7347615413314,3298.1498246134734,3504.6002015847216
2013.0666666667184,1260.374043639806,1284.411258773719,1207.184752485256,1365.1548293565884,1547.2061077277021,1543.8997984417358,1470.3756428348486,1618.2506188797397,3423.857446135272,3400.5431910369352,3290.9032472412528,3497.478973947318
2013.133333333386,1255.1062933154078,1278.3989677143838,1201.4497904403577,1358.6280654181805,1543.9186058898974,1541.9578065292183,1468.8465359447823,1615.7287250853676,3416.502985395786,3393.2928115959244,3283.7798268229167,3490.5815065454444
2013.2000000000535,1249.8728283573575,1272.4222559902023,1195.778501579812,1352.1903099669794,1540.6142607162985,1539.9993771409852,1466.7985390337708,1613.6277420843617,3409.08263530742,3385.9863804333518,3276.515518462339,3483.8155313994794
2013.266666666721,1244.6725566358098,1266.4804151012643,1190.2956646098532,1345.6976297504075,1537.2946102303156,1538.0254725514308,1464.8345826884886,1611.262642214712,3401.5990395918457,3378.6265646322468,3269.2839048684295,3476.8218822261742
2013.3333333333885,1239.5044657686467,1260.5727837828133,1184.4980779204661,1339.4586117393224,1533.9610946623034,1536.0369902083182,1463.1003390835838,1609.6736358049761,3394.054764106102,3371.215944068761,3262.567351711412,3469.349087694476
2013.400000000056,1234.3676173531223,1254.698744239527,1178.957250438508,1333.2727136895269,1530.61506227638,1534.034767377976,1461.335710288863,1607.6831409395502,3386.452299454758,3363.757014145336,3255.20361125612,3462.5123902107566
2013.4666666667235,1229.2611407941235,1248.857718400163,1173.388178855411,1326.8353255735658,1527.257775548264,1532.0195856646355,1459.5524985842296,1605.390290876866,3378.794063761253,3356.2521887325092,3247.4502189635487,3455.1171473357213
2013.533333333391,1224.1842283702297,1243.0491648327659,1167.6088716883323,1320.6693984250644,1523.8904163915518,1529.9921748870645,1457.5795297638726,1603.4861409764544,3371.0824050766278,3348.703802704857,3240.305424479623,3447.441189549437
2013.6000000000586,1219.1361290738669,1237.2725757799185,1162.4198998793622,1314.5724803472726,1520.5140887209277,1527.9532166135898,1455.465867194696,1601.4678102566352,3363.319604722947,3341.114114347084,3233.130196990727,3439.944063355496
2013.666666666726,1214.116145119045,1231.5274743719683,1157.0924625144798,1308.528158010927,1517.1298277197354,1525.9033475905742,1453.8107118036646,1599.4500608604983,3355.507878373817,3333.4853078444025,3225.870209697191,3432.416393838038
2013.7333333333936,1209.1236274742328,1225.8134120578936,1151.9389105695855,1302.581491181925,1513.7386024882828,1523.8431629949105,1451.7306499966776,1597.1428831663802,3347.649378597438,3325.819495734871,3218.5393190689674,3424.5048577487983
2013.8000000000611,1204.15797177278,1220.129966360108,1146.4356243992522,1296.7800972964706,1510.3413191003945,1521.7732194672833,1449.6930552876343,1595.1213711699165,3339.7461971660446,3318.118721193388,3211.04748809801,3416.777340968444
2013.8666666667286,1199.2186150219236,1214.4767389244405,1140.8596558642364,1291.1439944412703,1506.9388265106388,1519.6940376801235,1447.8378664510367,1592.9612188104004,3331.8003665514775,3310.3849599679957,3203.7508549395257,3408.9480719834623
2013.9333333333961,1194.3050321328715,1208.8533534172998,1135.3378989356859,1284.9911414422172,1503.5319188762937,1517.6061051040901,1446.0661466461775,1590.9606160743704,3323.813862067603,3302.6201230411216,3196.8149210922434,3401.1798155892684
2014.0000000000637,1189.41673295345,1203.2594537774444,1130.2289042016007,1279.1891857908379,1500.121339233023,1515.5098781904594,1443.8794898682659,1588.5101485112273,3315.788603540984,3294.826058349614,3189.4656966072685,3394.1545495539526
2014.0666666667312,1184.553259643,1197.6947026080948,1124.933838638382,1273.5122466247306,1496.7077832098569,1513.4057845912325,1441.8537922021653,1585.9812511542393,3307.7264568157716,3287.0045529066583,3182.0413022682774,3386.2536582112252
2014.1333333333987,1179.7141839920562,1192.158779739897,1119.7377772470736,1267.808554674335,1493.291901712575,1511.2942250860526,1439.8159980540713,1583.4372799104995,3299.629235468743,3279.157334437895,3174.9274466137,3378.1220785581254
2014.2000000000662,1174.8991028717799,1186.6513808757843,1114.722918871897,1262.2818435232568,1489.8743071065262,1509.1755754864905,1437.1930375186896,1581.2663526599881,3291.4987067174075,3271.2860732948734,3167.0758983919186,3370.5659400524632
2014.2666666667337,1170.1076470407224,1181.1722163291527,1109.5440619328958,1256.8574545384827,1486.4555588774228,1507.0501883738202,1434.672308170959,1579.1383661990449,3283.3365709840004,3263.3923841151377,3159.7289322771157,3363.075576209733
2014.3333333334012,1165.3394585127153,1175.7210098630362,1104.2032737548489,1251.3292079464616,1483.0361984706003,1504.9183947489514,1431.899609787057,1576.8125084018855,3275.1445041748316,3255.4778275308395,3152.4054442169754,3354.9438430315
2014.4000000000688,1160.5942073755232,1170.2974976258283,1098.6666334207316,1246.0178335037385,1479.6167224922233,1502.7805055756448,1429.7172504118623,1574.8557146982866,3266.924122519029,3247.543912084864,3144.9787128192397,3347.230379741629
2014.4666666667363,1155.8715828303007,1164.9014271852177,1093.218630189613,1240.2648408867294,1476.1975960216275,1500.6368131654297,1427.597976275366,1572.857240425753,3258.6769973768037,3239.592095847363,3137.586925777645,3339.6652941507455
2014.5333333334038,1151.1712885010131,1159.532556575483,1087.80602371536,1234.6616791666845,1472.779260116276,1498.4875925657348,1425.3743461834997,1571.0860736000106,3250.404664979548,3231.623788068089,3129.5827196153696,3331.558013476746
2014.6000000000713,1146.4930500956846,1154.1906535298817,1082.5935828621891,1228.9403261966902,1469.3621187528645,1496.3331026713965,1423.335260904163,1569.1869757172105,3242.1086060193866,3223.640350620362,3122.3153540289536,3323.8258781607765
2014.6666666667388,1141.8366034155968,1148.8754947456573,1077.2194762998736,1223.4248372833895,1465.946558327248,1494.1735873794466,1420.652563209488,1567.410584983264,3233.7902727241626,3215.643099595105,3114.9270830218143,3315.3460119196657
2014.7333333334063,1137.201701164096,1143.5868651584456,1071.6333235948032,1218.3878125904482,1462.5329358165586,1492.009276668756,1418.3912472787476,1565.6892214016686,3225.451069560789,3207.633306733073,3107.4874069763123,3307.338008975901
2014.8000000000739,1132.5881087198266,1138.324557373543,1065.9226465467934,1212.906918244061,1459.1215854752547,1489.8403874760215,1415.9544462694546,1563.177795676506,3217.092361555756,3199.612200676548,3099.8921149604903,3299.731667307025
2014.8666666667414,1127.9956074068912,1133.0883711020565,1060.8804825240204,1207.4267644720173,1455.71281388008,1487.6671244866188,1414.0386617817614,1561.1085139748689,3208.7154689795957,3191.580968167737,3092.5002096320845,3291.7022631238137
2014.9333333334089,1123.4239835381343,1127.8781125325297,1055.7693691181717,1202.010842524435,1452.306917009931,1485.4896811366414,1411.4169785845227,1559.3608100558044,3200.321686323434,3183.540755552806,3085.282061307973,3284.000791126287
2015.0000000000764,1118.8730388588544,1122.693593914681,1050.684926488072,1196.7279089610442,1448.904163365253,1483.30824030546,1409.201242902505,1557.3209535813824,3191.9122606610426,3175.492669958812,3077.7946933051376,3275.7766258867964
2015.066666666744,1114.3425834018176,1117.5346330604277,1045.3701454354214,1191.489488817822,1445.504805343406,1481.122975093442,1407.1467956834058,1555.3505546056147,3183.488405497056,3167.4377804639,3070.2986678978186,3268.1787539365346
2015.1333333334114,1109.8324315584139,1112.4010529686957,1040.08402402859,1186.3214356178473,1442.1090855323241,1478.9340494953626,1405.0254846269424,1553.2104050456676,3175.051308592091,3159.3771193953494,3061.8666193063345,3259.629783373224
2015.200000000079,1105.3424094695188,1107.2926814963953,1034.8263377530038,1181.233537999641,1438.717224977603,1476.741618952654,1402.7710095020539,1551.5750732286535,3166.6021172494234,3151.311683418782,3054.105426312954,3251.3605817673733
2015.2666666667465,1100.8723491335015,1102.2093509720967,1029.596867312873,1176.2417863342353,1435.3294327871574,1474.545831039892,1400.4465149431146,1549.492470343908,3158.141948446413,3143.2424347766873,3046.619706862225,3243.1309694788674
2015.333333333414,1096.4220914685918,1097.1508977772016,1024.393648665639,1171.20444214379,1431.9459010393819,1472.3468261454357,1398.4011491253732,1547.654596255446,3149.671884286993,3135.17030269466,3038.940587525276,3235.1986792345615
2015.4000000000815,1091.9914816302778,1092.1171620235377,1019.2334053468296,1166.152921384414,1428.5668123112284,1470.144737925675,1395.6811746596688,1545.6980931300855,3141.19297868869,3127.0961843806926,3030.9669780130553,3227.340887448855
2015.466666666749,1087.5803722424293,1087.1079874016757,1014.1068487325948,1161.3481447747688,1425.1923345164782,1467.9396935634961,1393.3656175579454,1543.871891348157,3132.70625280241,3119.0209457259757,3023.0112413271213,3219.206698305604
2015.5333333334165,1083.1886209666209,1082.1232210081332,1009.2377149066023,1156.4563723191716,1421.8226249249608,1465.731814072436,1390.920992019101,1542.070772635899,3124.212698859508,3110.94542222018,3014.8869682181535,3211.3002701033233
2015.600000000084,1078.8160892909464,1077.1627131833334,1004.5375273390301,1151.6726366941143,1418.457832270764,1463.5212146149477,1388.353786765794,1539.9782453685464,3115.713282411072,3102.87041963371,3006.8409396424704,3203.5406151201823
2015.6666666667516,1074.4626450669275,1072.226317302551,999.6476204022845,1146.9762883972217,1415.0980923695786,1461.3080048726622,1385.749888723164,1537.9078291473068,3107.2089377385864,3094.7967149347337,2999.2538013410995,3195.8446608033864
2015.733333333419,1070.1281605149359,1067.3138894547499,994.5995007533284,1142.3178118551332,1411.7435314532163,1459.0922896688667,1383.3374996109278,1536.197737974546,3098.7005711216766,3086.7250575082994,2991.283223380678,3187.743977382019
2015.8000000000866,1065.8125115596736,1062.4252881644877,989.6414626016681,1137.2968358246012,1408.3942673463198,1456.8741694716136,1380.9683886096645,1534.1136203720764,3090.1890621363664,3078.6561703436855,2983.3103568420165,3179.6728128259433
2015.866666666754,1061.5155782500117,1057.5603742220164,984.7586664917586,1132.3362939191506,1405.0504096311147,1454.6537406723075,1378.2868443970303,1532.2331501478345,3081.6752656883864,3070.590750842344,2974.584810591129,3171.658370538905
2015.9333333334216,1057.2372428290878,1052.7190106878786,979.7952121471686,1127.6088131701595,1401.7120619251996,1452.4310956645884,1375.3566349696173,1530.1737407621576,3073.160012202654,3062.5294712468394,2966.6225161103707,3163.6857570177804
2016.0000000000891,1052.9773891561929,1047.9010627078617,974.3971764635526,1122.7999268476271,1398.3793229437542,1450.206323123498,1372.6900279246254,1527.9804591163486,3064.6441088735155,3054.472979849115,2958.403908027032,3155.7540595394166
2016.0666666667566,1048.7359021917052,1043.1063974383935,969.4095362222165,1118.455403588128,1395.0522874937026,1447.9795081671869,1369.5114760310605,1526.0577501470336,3056.1283409295465,3046.4219013146685,2950.208002376998,3147.7781004027406
2016.1333333334242,1044.5126738824138,1038.3348838914553,964.2201646115412,1113.7742010477998,1391.7310377560327,1445.7507326254827,1366.6361678099358,1524.442773384804,3047.613465572741,3038.37683768261,2942.2112864031296,3139.591883237198
2016.2000000000917,1040.3076013374325,1033.586392842794,959.3093666919755,1109.0519447572706,1388.4156461497464,1443.5200751517968,1363.9453923718925,1522.8335498952558,3039.100214377251,3030.3383690492824,2934.5205683725644,3131.785614590919
2016.2666666667592,1036.1205809350258,1028.860796750686,954.4078594462984,1104.4103303716527,1385.1061843082443,1441.2876114768205,1361.2805943839098,1521.4231315493525,3030.5893001525574,3022.30705403854,2926.7043351366765,3124.2785568744985
2016.3333333334267,1031.951511011746,1024.1579696029883,949.6040875190291,1099.8918201491842,1381.8027191632277,1439.053414657182,1358.5624854095345,1519.641306353753,3022.0814143898924,3014.2834309576833,2919.01536487908,3116.50091447662
2016.4000000000942,1027.8002920621536,1019.477786894148,944.891365548674,1095.412114647533,1378.505312661475,1436.8175552395733,1356.20347465992,1517.6847703691208,3013.5772274127594,3006.268017941426,2910.776327376127,3108.9867882131457
2016.4666666667617,1023.6668277731259,1014.820125493815,940.071930500368,1090.5657860595554,1375.2140200389358,1434.5801015410625,1353.7479875561835,1515.9826597687318,3005.0773875635814,2998.2613142588707,2902.8085321124936,3101.2848444520932
2016.5333333334293,1019.5510228803043,1010.1848636410493,935.3432449278878,1086.1033243891286,1371.9288935884856,1432.341119603549,1350.9074657125987,1513.9583892959602,2996.5825240609224,2990.263800214462,2894.4270890247262,3093.495603836008
2016.6000000000968,1015.4527835722085,1005.5718808221122,930.6392903815746,1081.8983057239902,1368.6499820235106,1430.1006734076423,1347.8999716867995,1512.275849913337,2988.0932469141126,2982.275938192835,2886.327974901023,3085.5566190899963
2016.6666666667643,1011.3720174046694,1000.9810577286713,925.9599207148922,1077.7738264298637,1365.377330662599,1427.8588248907802,1345.1630142911104,1510.431545558908,2979.61014737984,2974.2981730496276,2878.7331725879617,3077.5232032518916
2016.7333333334318,1007.3086336840689,996.4122761957709,921.4164790951287,1073.548231546341,1362.110980362843,1425.6156341073713,1342.545362990665,1508.7085291185278,2971.1337974680546,2966.3309327617226,2870.484718506521,3069.739383180014
2016.8000000000993,1003.2625428242117,991.8654191954702,916.6743623904107,1069.3756648677747,1358.8509690595668,1423.3711594046301,1339.777023000265,1506.9168759732772,2962.6647514055826,2958.3746290009926,2862.026582284975,3061.9056598231164
2016.8666666667668,999.233656107913,987.340370754398,912.0749956966046,1065.2469331555974,1355.5973322784955,1421.1254575135376,1336.8973877734893,1505.1695155918476,2954.203546328027,2950.4296576448564,2854.096260662167,3054.53308588796
2016.9333333334343,995.2218856429217,982.8370159350019,907.485433133907,1060.9047043491064,1352.3501031541402,1418.8785835542858,1334.2274509125298,1503.5603909339875,2945.7507026006515,2942.4963990972587,2845.9384565970904,3047.1750991536005
2017.0000000001019,991.2271453581418,978.3552407873595,902.8414854514364,1056.5642227590804,1349.1093113043949,1416.630591229508,1331.5628297947799,1501.540323509438,2937.306723537758,2934.575219084376,2838.163869199673,3039.466155637034
2017.0666666667694,987.2493514374992,973.8949323151568,898.2309198524365,1052.418436349678,1345.8749824062972,1414.3815328701403,1329.0677490800615,1499.866257467558,2928.8720955236067,2926.666469012075,2829.9612543683006,3032.0775452695043
2017.133333333437,983.2884202936102,969.4559784247274,893.5166125219625,1047.9262109566762,1342.6471408409557,1412.1314594918938,1326.5514736449838,1498.4164725448345,2920.4472898923955,2918.7704864718894,2821.6188332443153,3024.4955198556204
2017.2000000001044,979.3442693543678,965.0382679132648,888.9095131339224,1043.5827150070268,1339.4258088295796,1409.880420873861,1323.7692460626272,1496.2638009041034,2912.0327627973966,2910.887595576577,2813.794548959771,3017.1317460625623
2017.266666666772,975.4168169896376,960.6416904329494,884.3265108713359,1039.3747721294371,1336.2110065439117,1407.6284656285354,1320.8623824295926,1494.433362702613,2903.6289555299954,2903.0181073938256,2805.792645036727,3009.510967350506
2017.3333333334394,971.5059823694214,956.266136454048,879.8282279736475,1035.2636407370885,1333.002751889321,1405.375641267472,1318.0623584396103,1492.402168932641,2895.236294194884,2895.1623205037167,2797.758559508589,3002.137011162367
2017.400000000107,967.6116854931118,951.9114972461883,875.1155296884813,1031.0890723418102,1329.8010611869263,1403.1219942815972,1315.2168697235938,1490.5912016690886,2886.8551911297886,2887.3205215129337,2788.9828110430344,2995.13439537865
2017.4666666667745,963.7338471019646,947.5776648613432,870.6559941057685,1027.0618755683147,1326.6059492420075,1400.867570139264,1312.567146012368,1488.585187761859,2878.486045134321,2879.492985148535,2780.6489770009716,2988.1853938374256
2017.533333333442,959.8723886091516,943.2645321171547,866.1855135352228,1022.8635012870319,1323.417429460186,1398.61241336853,1309.568077410384,1486.3450403552367,2870.1292418149296,2871.679974778226,2772.601136651032,2980.7324903369276
2017.6000000001095,956.027232307396,938.9719925777515,861.9367320714615,1018.780888274839,1320.2355129983266,1396.3565675925295,1306.6364547401938,1484.3555227698503,2861.785153317994,2863.881742794966,2764.449004211578,2973.3707014607735
2017.666666666777,952.1983011629209,934.699940527988,857.4835359507391,1014.5338743736032,1317.0602094557987,1394.1000755792252,1303.7864406089216,1482.7399893921856,2853.454139119098,2856.0985309612533,2756.210924571242,2966.3587752364724
2017.7333333334445,948.3855186388826,930.4482709554238,853.0796632700599,1010.3053273700831,1313.8915274561232,1391.8429792912948,1300.8146373654465,1480.9975643487874,2845.1365467372025,2848.3305707848485,2747.7062913974887,2959.134943945238
2017.800000000112,944.588808729121,926.2168795230834,848.7372311560057,1006.1036047366443,1310.729474444904,1389.5853199337087,1298.0731071164969,1479.5752363801369,2836.83271191124,2840.5780840155376,2739.5170738413344,2951.0604400599104
2017.8666666667796,940.8080960161935,922.0056625847858,844.4479424518485,1001.9517408529057,1307.5740570576172,1387.3271379525518,1295.0462627112256,1477.8532823267724,2828.5429586726277,2832.841282599236,2731.240375468653,2943.267172221138
2017.933333333447,937.0433061344904,917.8145171395939,840.0524324647841,998.3749876885008,1304.425281517947,1385.0684731149104,1292.1961076900682,1476.0574127763593,2820.2675985287074,2825.1203694388123,2722.8550471582857,2935.9852603874397
2018.0000000001146,933.2943651464035,913.6433408478864,835.7513411084983,994.4729517898974,1301.2831497970974,1382.8093644898008,1289.4518103307428,1474.2695757570407,2812.006933432952,2817.4155382714603,2714.339703865149,2928.8693061046797
2018.066666666782,929.5611995623486,909.4920320093852,831.3458753574818,990.4998112916462,1298.1476657509286,1380.5498504940508,1286.6535369879916,1472.518461596576,2803.7612538506037,2809.726974171831,2706.3251412089044,2922.393394391218
2018.1333333334496,925.8437363760635,905.3604895564731,827.0477517192699,986.7322729098428,1295.0188317825605,1378.2899689229396,1283.6753358876272,1471.0781314462536,2795.5308400194563,2802.0548537379887,2698.016092821413,2915.7054363137922
2018.2000000001171,922.1419032107254,901.2486130288632,822.5145691079634,982.8313900614585,1291.896648744093,1376.0297569837755,1280.650864107716,1469.4909507104069,2787.315962129873,2794.399345494467,2689.4304718396006,2908.548687116211
2018.2666666667847,918.4556280785171,897.1563025833858,818.0069682063289,978.9412077014908,1288.7811175240402,1373.7692513065217,1277.5721133424277,1468.000386583326,2779.116880398076,2786.7606101043943,2680.931829889839,2901.3304261651083
2018.3333333334522,914.7848394716699,893.083458968915,813.5255423162274,974.8482065837926,1285.672238186491,1371.508487966272,1274.526385802998,1466.2771867851532,2770.933845468312,2779.1388006921534,2672.283140708625,2893.736501601269
2018.4000000001197,911.1294664260789,889.0299835152501,809.4074607154469,971.1143101991067,1282.5700094822114,1369.2475025337144,1271.5674737732706,1464.6205752475485,2762.7670987506694,2771.534063130089,2663.825599176074,2886.470026381232
2018.4666666667872,907.4894383905588,884.9957781258604,804.9722556116301,967.3239350758525,1279.4744298619278,1366.9863300698848,1268.892374771647,1462.9763640447652,2754.6168725543157,2763.946536293934,2655.6628573354474,2879.269468270166
2018.5333333334547,903.8646852266667,880.9807452834456,800.6328021489444,963.6356594506035,1276.385497300921,1364.7250051450098,1266.2367010615587,1461.31847252412,2746.4833906204212,2756.376352170188,2647.4692398724305,2872.3530685815876
2018.6000000001222,900.2551372919929,876.9847880426325,796.4266245648566,959.9308096047396,1273.3032090214726,1362.4635618498135,1263.5758285598254,1459.544324554239,2738.3668671242494,2748.823636052988,2639.5303299086563,2865.268884141745
2018.6666666667898,896.6607253391248,873.0078100120418,792.3080780818136,956.2330355300925,1270.2275616861727,1360.2020338128937,1260.5201794892052,1458.0677046467283,2730.2675086768145,2741.288506854629,2631.1396090287244,2858.33969215989
2018.7333333334573,893.0813804969114,869.0497153511967,788.0674167899566,952.6828617158143,1267.158551504043,1357.9404542268535,1257.5251661090529,1456.588129771718,2722.185514468534,2733.7710773370723,2622.918110258746,2851.310079488585
2018.8000000001248,889.5170343491448,865.1104087693285,783.7825064830862,949.0597691520744,1264.096174192997,1355.6788558611643,1254.590563032459,1454.9209014818505,2714.1210747194446,2726.271454282993,2614.66328128252,2844.6614908561023
2018.8666666667923,885.9676188391184,861.1897955122184,779.5197784925675,945.2299561125633,1261.0404250483678,1353.4172710755897,1251.7141930757766,1453.3476154094044,2706.0743728038865,2718.7897387705693,2606.299116391938,2837.858994835268
2018.9333333334598,882.4330662906419,857.287781358945,775.5711846750883,941.6469305148577,1257.991298930191,1351.1557318247005,1248.7538113738594,1451.6402235283751,2698.045584865633,2711.32602633428,2598.1004580193658,2830.7088085242312
2019.0000000001273,878.9133094748051,853.4042726113073,771.2408648806354,938.0048856569612,1254.948790232553,1348.8942696689496,1246.2307223618536,1450.107746934695,2690.03487862786,2703.8804071199097,2590.0280472990644,2823.6695107335613
2019.0666666667948,875.4082815918124,849.5391761042506,767.2614641194959,934.5625042391205,1251.9128929457513,1346.63291578971,1243.5777160782511,1448.6755645515598,2682.042413854158,2696.4529660376556,2581.9780042995226,2817.0308660774726
2019.1333333334624,871.9179160197039,845.6923991919892,763.0829377940746,931.0888156514851,1248.883600893011,1344.3717010106225,1240.683623391788,1446.9811968822005,2674.0683470106555,2689.0437829600373,2573.561526321143,2810.104170832136
2019.2000000001299,868.4421465453911,841.8638497441759,758.91007845808,927.5453792499382,1245.8609075353977,1342.1106557830058,1237.8389974953532,1445.2847449611772,2666.112827178089,2681.652932893663,2565.8814861054575,2803.3025950970814
2019.2666666667974,864.9809074803005,838.0534361259623,754.734229785284,924.1402726065429,1242.8448058593387,1339.8498102107726,1235.1072505084535,1443.5525826932774,2658.1759938869327,2674.2804862208654,2557.4904763364807,2796.2941258424553
2019.333333333465,861.5341332294768,834.2610672207232,750.7097401939494,920.5423215105126,1239.8352888013158,1337.5891940533043,1232.3992736117527,1441.679679590602,2650.257985193324,2666.9265086885885,2549.6552822709878,2789.7922256732704
2019.4000000001324,858.1017588843491,830.4866524112139,746.499516552653,916.919909558447,1236.8323487386447,1335.3288367542132,1229.7226084204863,1440.0984131130836,2642.358927065818,2659.59106172058,2541.058352891818,2783.325020249968
2019.4666666668,854.6837195401456,826.7301015763135,742.479701399959,913.5722064187811,1233.8359780730502,1333.0687674282894,1226.9472438154346,1438.179708230301,2634.478945589043,2652.274202596224,2533.13496497473,2777.082510827547
2019.5333333334675,851.2799508420238,822.9913250885918,738.5029640585262,910.2234267597679,1230.8461688071393,1330.8090148686838,1223.8855748208468,1436.2844524564632,2626.618157487164,2644.9759844971877,2524.978915589248,2770.702280924648
2019.600000000135,847.8903886247746,819.2702338093708,734.6139281510216,906.7789368930333,1227.862912823017,1328.5496075585709,1221.053253872963,1434.692840231206,2618.7766763937084,2637.696456714808,2516.7889430354835,2764.3387881432977
2019.6666666668025,844.514969200145,815.566739078985,730.6701358985022,903.3112931268681,1224.8862017437175,1326.290573690427,1218.2185701617175,1432.8989127743548,2610.954608519406,2630.435664766817,2508.8201485043933,2757.5995300280542
2019.73333333347,841.1536291106379,811.8807527348931,727.0239804294902,899.6386935136709,1221.9160270092486,1324.0319411480032,1215.4518568162316,1430.9185914194875,2603.1520560238387,2623.1936504911732,2500.747833203134,2751.1861691879667
2019.8000000001375,837.8063053151166,808.2121870772417,723.0744062673634,896.1387652193049,1218.9523797668996,1321.7737375394279,1212.6967727948731,1429.385605254576,2595.3691140557776,2615.9704522742813,2492.6399420189846,2744.9926469861784
2019.866666666805,834.4729351415455,804.5609548872051,719.057169778327,892.7014993303802,1215.9952509574441,1319.5159901743546,1209.9843547180346,1427.3360301228288,2587.60587204275,2608.766104989717,2484.9164735570434,2738.7139220927356
2019.9333333334725,831.1534559605352,800.9269694212514,715.2162794996111,889.182886158592,1213.0446317079163,1317.258726081542,1207.2841276735896,1425.5901457150133,2579.8624207339635,2601.5806402633757,2476.368993724958,2732.42892422161
2020.00000000014,827.847805690425,797.3101444014115,711.4491091547696,885.7249293587461,1210.1005127239398,1315.0019720145754,1204.5879480997169,1423.6815681810206,2572.138841303942,2594.4140864612823,2468.5274488607347,2725.6994728389036
2020.0666666668076,824.5559226605577,793.710394016493,707.5850075139016,882.1873280962548,1207.1628844541242,1312.7457544552542,1201.895823929667,1422.0430891203152,2564.435208301031,2587.266468922124,2460.790532834513,2719.1957278581513
2020.133333333475,821.2777454867299,790.1276329123972,703.9991723728153,878.7104719278326,1204.2317372434484,1310.490099629303,1199.2077628815691,1420.3979336204889,2556.751592370674,2580.1378100337693,2452.958631336172,2713.1892776210193
2020.2000000001426,818.0132127887907,786.5617762044836,700.607064612489,875.5749056058958,1201.307061683155,1308.2350334859555,1196.5237724809372,1418.8744603679497,2549.088066451819,2573.028129255255,2445.0366208462706,2706.995675362947
2020.2666666668101,814.76226365413,783.0127394604001,697.0008340499406,872.1476461251171,1198.3888480364685,1305.9805817240301,1193.8438600725997,1417.1845404781907,2541.4446956068914,2565.937443320595,2437.418338198192,2701.3256414059924
2020.3333333334776,811.524837501673,779.4804387013971,693.2038873207001,868.9567869623748,1195.477086407181,1303.7267697992024,1190.9683898232029,1415.6777147599819,2533.821540006888,2558.8657663272093,2429.41701243362,2695.093641036844
2020.4000000001452,808.3008740500321,775.964790398877,689.4564856872016,865.8064240920962,1192.5717668005325,1301.47362292084,1188.346736015735,1414.1366431036604,2526.2186560709947,2551.8131098041003,2421.430668538748,2688.500556132003
2020.4666666668127,805.0903132898119,772.4657114790249,685.8520047701168,862.3908679815852,1189.6728792094025,1299.221166039241,1185.5672672393573,1412.7872998845178,2518.6360981393327,2544.7794828200804,2413.6640931012807,2682.4219741493785
2020.5333333334802,801.8930955321362,768.9831193000349,682.287710147713,859.1265732181885,1186.7804134633436,1296.969423870675,1182.7031823544044,1410.9779386454254,2511.073915542932,2537.764892045017,2405.8046877200914,2676.216231219725
2020.6000000001477,798.7091613934056,765.5169316721507,678.6903430685995,855.7938278440802,1183.8943592761227,1294.7184208928816,1180.2490976017714,1409.4432280058443,2503.5321535259786,2530.769341827762,2398.0746964849127,2670.4432349712315
2020.6666666668152,795.5384517850679,762.0670668409612,674.9045610929633,852.3367444809961,1181.0147062756432,1292.468181346829,1177.6146679406431,1407.8972600894042,2496.0108537704928,2523.7928343384897,2390.48872827976,2664.536262937931
2020.7333333334827,792.3809078500154,758.6334434919354,671.4808663024934,849.1482560705276,1178.1414441886975,1290.2187292402966,1174.8284286961157,1406.2575935180746,2488.510057555918,2516.8353696018953,2382.640962282414,2658.397413931673
2020.8000000001502,789.2364710831487,755.2159807399249,668.0683177850561,845.8974750595445,1175.2745624908398,1287.9700883562616,1171.9310241852934,1404.6155057734316,2481.0297997710345,2509.8969456016666,2374.9902176218334,2651.9028594178444
2020.8666666668178,786.1050832541864,751.814598134971,664.35469621884,842.7458520923266,1172.4140506305616,1285.7222822523554,1169.0328123211634,1402.8425498950278,2473.570112747907,2502.9775582862744,2367.57484418495,2645.709761516061
2020.9333333334853,782.9866864089295,748.4292156553832,660.8667382208228,839.5114701390775,1169.5598980146183,1283.4753342602546,1166.1394351661243,1401.0499339573764,2466.131026188857,2496.0772017620525,2360.5502791143363,2639.5889325943053
2021.0000000001528,779.8812228420657,745.0597537073112,657.3988716603362,836.3713845032636,1166.7120940742593,1281.2292674865241,1163.3367202977854,1399.5783892801526,2458.712568508562,2489.1958682215513,2352.776112654847,2633.7873412113113
2021.0666666668203,776.7886351668449,741.7061331110555,653.9440660913249,833.2006957352232,1163.8706281000054,1278.9841048295273,1160.50954385648,1397.7782798584178,2451.314763402003,2482.333548153222,2345.1832437178364,2627.621027864033
2021.1333333334878,773.7088662809273,738.3682751213455,650.6536242077676,829.9998700652731,1161.0354893244328,1276.7398689686715,1157.6659429134138,1395.8484123352298,2443.9376315283607,2475.4902303011195,2337.71883356045,2621.706316508622
2021.2000000001553,770.6418593618212,735.046101403741,647.2375975925834,826.6531407926345,1158.2066669343467,1274.4965823733414,1154.8955724805105,1394.2360400736272,2436.5811907379775,2468.6659017946713,2329.924625964117,2615.4641499647696
2021.2666666668229,767.5875578639317,731.739534049289,643.7111683776319,823.6253059727727,1155.3841500788085,1272.254267292866,1152.2117329605203,1392.338832626784,2429.245456215287,2461.860548134113,2322.3456646729874,2609.2741606230193
2021.3333333334904,764.5459055157158,728.4484955388973,640.3336745934433,820.2555412991252,1152.5679278772602,1270.0129457926394,1149.5692205734983,1390.5171841904964,2421.9304406219903,2455.0741533828555,2314.6341302645787,2603.1603804825913
2021.400000000158,761.5168463167428,725.1729088061958,636.9776163436482,817.2343352327518,1149.757989427241,1267.7726397084123,1146.903016829844,1388.7684721599044,2414.636154240745,2448.3066999926145,2306.9108745410135,2597.2128739908367
2021.4666666668254,758.5003245305671,721.9126971561658,633.7164182924528,814.2368030758423,1146.9543237589587,1265.533370685634,1144.3298500989172,1387.3020501139454,2407.362605221836,2441.558169134514,2299.4579170521533,2591.6078665202913
2021.533333333493,755.496284684825,718.667784339814,630.4497116162208,811.0234692978622,1144.1569198815328,1263.2951601523985,1141.6100460539578,1385.7122523074324,2400.1097996522067,2434.8285404936964,2292.030572489797,2585.6763014433773
2021.6000000001604,752.5046715711755,715.4380944745474,627.0792226281205,807.743623299292,1141.3657668257658,1261.0580293605747,1138.701711731634,1383.562089267783,2392.877741631772,2428.117792554512,2284.488721681163,2579.281045188762
2021.666666666828,749.5254302401166,712.2235521054474,623.7246881729974,804.7012200134767,1138.580853623838,1258.821999343341,1136.0223507308624,1381.51948432696,2385.666433471231,2421.4259025012984,2276.9325755330315,2573.363809864767
2021.7333333334955,746.5585059980817,709.0240821592214,620.4157910142146,801.7388741415484,1135.8021693167389,1256.587090946662,1133.3325371373144,1379.8163440703486,2378.4758758365797,2414.7528463159015,2269.3442758370834,2567.652971498573
2021.800000000163,743.6038444044362,705.8396099627718,617.1684995414262,798.6938238590943,1133.0297029616027,1254.3533248262777,1130.5072385253536,1377.9285035043079,2371.3060678933807,2408.0985988288253,2261.76086247447,2561.823295513278
2021.8666666668305,740.6613912685751,702.6700612522393,613.9746845154071,795.8355441018491,1130.2634436391409,1252.1207214379074,1127.9641331788985,1376.1943001990976,2364.1570074512742,2401.4631337317865,2254.4307758019395,2556.2122207993075
2021.933333333498,737.7310926411221,699.5153621321551,610.7239777991947,792.8550036286039,1127.5033804488887,1249.8893010669888,1125.2850304080466,1374.5063778016206,2357.02869037271,2394.8464236828067,2246.9183180434056,2550.605553515494
2022.0000000001655,734.8128948215812,696.3754391483264,607.5546541932507,789.6802330947056,1124.749502324384,1247.6590837755534,1122.6049423328352,1372.8119917263903,2349.9211056934682,2388.2484402349123,2239.751775722012,2544.8584057966273
2022.066666666833,731.9067446602919,693.2502191814517,604.108678220266,786.5186095360692,1122.0017975660044,1245.430089467375,1119.7664438035645,1371.2503103765503,2342.8342412201787,2381.6691540072275,2232.3838738436084,2539.333370094319
2022.1333333335006,729.0125891811407,690.1396295091266,601.0068637854159,783.6310493183809,1119.2602547318857,1243.202337857344,1116.9400222500967,1369.552545491538,2335.768085308073,2375.1085346928476,2225.0370425965116,2533.346197760834
2022.200000000168,726.1303754994392,687.04359781172,597.917757159961,780.7097618511209,1116.5248627654107,1240.9758484628205,1114.40484203158,1367.8959639532775,2328.722625656713,2368.566550989463,2217.7236641759705,2527.6030859829907
2022.2666666668356,723.260050939506,683.9620521535356,594.4459341505524,777.7218645803564,1113.7956106717381,1238.750640630262,1111.7545502385617,1366.3080704684137,2321.697847739672,2362.0431707750395,2210.4305754619095,2521.885134206707
2022.333333333503,720.4015630995107,680.8949209690351,591.3394084237658,774.8745727894344,1111.0724874051652,1236.526733529957,1109.2616713864186,1364.6854254195266,2314.6937356641142,2355.5383610702193,2203.162064987084,2515.739932687325
2022.4000000001706,717.5548599510213,677.8421330558726,588.2436926220115,771.9156379206869,1108.355481594108,1234.3041461600387,1106.6134394300668,1363.060707783955,2307.7102707911777,2349.0520881205293,2195.9182588640815,2510.1675844434462
2022.4666666668381,714.7198896134992,674.8036176127557,585.1512110170862,769.0909973615824,1105.6445821300106,1232.0828973250068,1103.9757396629361,1361.4323055141551,2300.747434213621,2342.584317345404,2188.7092713835636,2504.3670037365982
2022.5333333335057,711.8966006024862,671.7793041872906,582.2122423635732,766.0392313206194,1102.939777519192,1229.8630056624997,1101.3392132511594,1359.8021386203457,2293.8052041417986,2336.1350134657655,2181.8355742063623,2499.1608715090597
2022.6000000001732,709.0849415178124,668.769122733654,579.2884611149224,763.0135748675685,1100.241056681782,1227.644489629272,1098.6549443319154,1358.169360066825,2286.88355898866,2329.704140472637,2174.3343924772134,2493.1629665610635
2022.6666666668407,706.2848612600903,665.7730035328309,576.1083815235228,760.195292174212,1097.5484083908752,1225.4273675236943,1095.8909947324303,1356.5343573185944,2279.982475329194,2323.291661700783,2167.188724137081,2487.4446019518996
2022.7333333335082,703.4963089406632,662.7908772691438,573.0705206152539,757.2361075740539,1094.8618215059075,1223.2116574572017,1093.3601120979852,1354.734762853355,2273.101928749964,2316.897539791434,2160.072352088887,2481.5464020410864
2022.8000000001757,700.7192339387515,659.8226749683852,569.7568756714212,754.3296746447198,1092.1812848162458,1220.9973773787156,1090.7227907935749,1353.0212391315076,2266.2418934750262,2310.5217367894625,2152.969320794115,2476.3765066087412
2022.8666666668432,697.9535858803175,656.8683280293219,566.7103435249551,751.3535987751598,1089.506787093123,1218.7845450672755,1088.091316904798,1351.2600710923243,2259.4023425746996,2304.1642141402085,2145.897598926722,2470.9365350978724
2022.9333333335107,695.1993146354066,653.9277682062777,563.7387731629833,748.4301721956637,1086.8383171032974,1216.5731781434738,1085.3770001570308,1349.4418212611833,2252.583247889275,2297.8249327245367,2138.8489462505427,2465.4871941443957
2023.0000000001783,692.4563703013401,651.0009276381127,560.7851836097296,745.5189079140722,1084.175863659894,1214.363294042601,1082.6111282985757,1347.620037167864,2245.784580066683,2291.503852860971,2131.8243685867283,2459.960504815081
2023.0666666668458,689.7247032263436,648.0877387682947,558.0118691977303,742.6704503587006,1081.51941551663,1212.154910062286,1079.8469791900786,1345.9318590523758,2239.006308924296,2285.200934378465,2124.8237927495047,2454.28646102735
2023.1333333335133,687.0042640018811,645.1881344525053,555.1904080042689,739.7936922441319,1078.8689614212212,1209.948043313516,1077.1954003146996,1344.1700032962542,2232.2484031040435,2278.916136568481,2117.8929520805245,2448.499540550456
2023.2000000001808,684.2950034624157,642.3020478554809,552.2366134172671,736.9323944209451,1076.2244901368795,1207.7427107628175,1074.4668614731775,1342.2584498368371,2225.5108298250825,2272.649418317853,2110.965807091236,2443.32215438306
2023.2666666668483,681.5968726557261,639.4294125114094,549.1991011442385,734.0096943970735,1073.5859904378708,1205.5389292109292,1071.7420235788572,1340.677296677251,2218.7935559931325,2266.4007380046546,2103.965347796131,2437.8069632930114
2023.3333333335158,678.909822867543,636.5701623134115,546.242108795876,731.1835409464533,1070.953451095837,1203.336715290688,1069.021494064235,1338.9902840403477,2212.0965474871623,2260.170053586284,2097.0600481529927,2431.8700090927805
2023.4000000001834,676.2338056444606,633.7242314973207,543.3259383278453,728.364132607521,1068.3268608574099,1201.1360854807692,1066.4378840178542,1337.2400319589526,2205.419768607881,2253.9573226029916,2090.265464328351,2426.591166278898
2023.4666666668509,673.5687727282511,630.8915546307992,540.5345397175563,725.634997411679,1065.706208511932,1198.9370561067478,1063.9281188809985,1335.4913086816841,2198.7631835834873,2247.762502240185,2083.4880782707983,2421.310982948928
2023.5333333335184,670.9146760905155,628.072066625344,537.702657801321,722.9138518153158,1063.0914828548887,1196.739643340178,1061.0002599563472,1333.7613977319538,2192.1267557907718,2241.585549307369,2076.6165815295944,2416.0210304528796
2023.600000000186,668.2714679633159,625.2657027447136,534.765428190269,720.0629462420779,1060.4826726548,1194.543863197204,1058.1827191836878,1332.0028036183244,2185.5104470872147,2235.4264202525123,2069.735174834517,2410.8087417585903
2023.6666666668534,665.6391007774491,622.4723986003489,531.812916651945,717.2780509797673,1057.8797667091503,1192.3497315384504,1055.4839242623773,1330.1929558834088,2178.9142192407207,2229.2850711731603,2062.919593723805,2405.575895002139
2023.733333333521,663.0175271850025,619.6920901123294,528.8186703217272,714.6569653609423,1055.2827538253339,1190.157264081019,1052.9147111073335,1328.4237204279398,2172.338033398104,2223.1614578758763,2055.937141388471,2400.355196531071
2023.8000000001884,660.4067000932139,616.9247135666373,525.8797767274157,712.0602720296068,1052.6916228003136,1187.966476372884,1050.3967987298172,1326.5396861255238,2165.781849219033,2217.0555358454862,2049.1418267419804,2395.146904754044
2023.866666666856,657.8065726051198,614.1702055640519,522.963722852398,709.1402953888535,1050.1063624429999,1185.7773838247774,1047.8835217584506,1324.84630028518,2159.245626455032,2210.9672603078834,2042.2893325541793,2389.368964514383
2023.9333333335235,655.2170980499961,611.4285030343196,520.187135687091,706.5918593746788,1047.5269615672755,1183.590001699185,1045.3748800415024,1323.1754285584284,2152.7293241183042,2204.8965862397604,2035.7935605269713,2383.834435509838
2024.000000000191,652.6382300009732,608.6995432570847,517.5028136771285,704.0515377723633,1044.9534089934189,1181.4043451094465,1042.8708733750352,1321.6907384185179,2146.232899976068,2198.84346831986,2028.958381922518,2378.8438351165255
2024.0666666668585,650.0699222441881,605.9832638178938,514.8283400190647,701.522206172209,1042.3856935479425,1179.2204290304887,1040.3715015064827,1319.8893466877312,2139.7563114250515,2192.8078610178227,2022.1464622846229,2373.781591760954
2024.133333333526,647.5121287808261,603.2796026369825,512.0196740403136,698.8783500692821,1039.8238040638048,1177.0382682810787,1037.7991545906536,1317.8830727584805,2133.2995153477773,2186.7897185727234,2015.6740064032979,2368.4424024007662
2024.2000000001935,644.9648038181045,600.588497973373,509.2266893178504,696.2354822769788,1037.2677293800612,1174.8578775271478,1035.3866607219336,1315.8796690331355,2126.862468258991,2180.7889950069757,2009.2899594330183,2363.2203667323456
2024.266666666861,642.4279017969163,597.9098883731854,506.4493026192832,693.5995089277496,1034.717458347331,1172.6792713143575,1032.884067882851,1314.0440832022152,2120.445125946843,2174.805644156814,2002.6334391030503,2358.1469642178868
2024.3333333335286,639.901377364277,595.2437127457464,503.68809549307974,690.9710404636503,1032.1729798244778,1170.5024640273564,1030.3519960654378,1312.511614132055,2114.0474438742353,2168.839619668236,1996.1764656352354,2353.070996657466
2024.400000000196,637.385185380011,592.5899103031586,500.9409389331754,688.3711926538153,1029.6342826792763,1168.3274699189228,1027.8161874932787,1310.7401480008948,2107.6693770749985,2162.8908750186024,1989.6940275944785,2347.882985843814
2024.4666666668636,634.8792809480091,589.9484205466439,498.2923153851195,685.8340714943906,1027.1013557658534,1166.154303108933,1025.2519290860403,1308.9680462837896,2101.3108790869373,2156.959363548194,1983.2179069827798,2342.794374931191
2024.5333333335311,632.3836193425226,587.3191833350814,495.6774551570592,683.3786610646542,1024.5741879757816,1163.9829775621567,1022.7649294316212,1307.1953093735187,2094.9719044102217,2151.0450384038186,1976.725591744132,2337.826101988892
2024.6000000001986,629.8981560601541,584.7021388021669,493.0735927093995,680.6438474546743,1022.0527682009368,1161.8135071213476,1020.2503718952598,1305.423940058865,2088.652406743416,2145.1478526366873,1970.260585017363,2332.723515243662
2024.6666666668661,627.4228468045494,582.0972274276758,490.3791015533774,678.1201342486511,1019.5370853435902,1159.6459054809873,1017.7362989362014,1303.6490596580622,2082.3523394799718,2139.2677591287215,1963.6705620099835,2327.59911314586
2024.7333333335337,624.9576475200577,579.5043899950776,487.579611071561,675.6403260477473,1017.0271283046555,1157.4801861956587,1015.2264640475056,1302.0082285981996,2076.071654548655,2133.4047106768667,1956.8592175208414,2322.524049551802
2024.8000000002012,622.5025143320415,576.923567589542,484.9721532530685,673.1706311349327,1014.522886004355,1155.3163626916273,1012.3222009585695,1300.2422888406488,2069.8103044203044,2127.5586599668754,1950.6937993042352,2317.5273276418584
2024.8666666668687,620.0574035704285,574.3547015933843,482.2792660840225,670.705745323266,1012.0243473739843,1153.1544482696502,1010.0576165764305,1298.4440119753297,2063.5682412913075,2121.72955957416,1944.5521794152953,2312.2852085936684
2024.9333333335362,617.6222717755103,571.7977336934392,479.56595474966394,668.1021851046333,1009.5315013538047,1150.9944560966485,1007.7160557377258,1296.6180003192892,2057.3454168681856,2115.917361999836,1938.2413234338849,2306.9351287739555
2025.0000000002037,615.1970757019753,569.2526059102577,476.96237286992516,665.5127019149324,1007.0443368864081,1148.8363991836213,1005.2255499966267,1294.9692753262843,2051.1417822412086,2110.122019658854,1931.5833711844746,2301.76164832879
2025.0666666668712,612.7817723101201,566.7192605490754,474.43899018524223,662.9335614263806,1004.5628429234839,1146.6802904285141,1002.7393289949547,1293.3578641132303,2044.9572881428703,2104.3434849050136,1924.9253066579918,2296.6488260267297
2025.1333333335388,610.3763187529614,564.1976402133866,471.8955053609807,660.3827606250896,1002.0870084362201,1144.5261425963893,1000.2568116777844,1291.6253012055718,2038.7918853369026,2098.581710021535,1919.0290435728937,2291.5124863927745
2025.2000000002063,607.9806723913626,561.6876877841169,469.48481002427627,658.0733920513571,999.6168224017604,1142.3739683314502,997.7768195665797,1289.8209999631438,2032.6455241310427,2092.8366472420257,1912.6804465408377,2286.4061804237535
2025.2666666668738,605.5947907856574,559.189346472206,467.09062009677814,655.7545962027178,997.1522738087635,1140.2237801386802,995.2946002275894,1288.136648082833,2026.518154563745,2087.1082487521744,1906.565870412664,2281.312018940304
2025.3333333335413,603.218631690778,556.7025597380253,464.68543076475635,653.2787999905014,994.6933516595404,1138.0755904088496,992.8297017029325,1286.1818834078717,2020.409726443413,2081.396466695713,1900.265954176936,2276.511730943426
2025.4000000002088,600.8521530694868,554.2272713899359,462.2385791401983,650.9611408730234,992.2400449631989,1135.9294113860622,990.2724098533137,1284.429881524113,2014.3201892758257,2075.7012531910746,1894.008215925514,2271.4218575384975
2025.4666666668763,598.4953130792699,551.7634254998342,459.73244216869955,648.4994195078616,989.7923427418306,1133.785255201044,987.7073640508769,1282.7987222904924,2008.249492353999,2070.0225603212966,1887.7436059707322,2266.3206804870065
2025.5333333335439,596.1480700742072,549.3109664301876,457.22026620326073,645.980180268101,987.3502340283826,1131.6431338582834,985.4379378268914,1281.1453375550627,2002.1975847570534,2064.3603401690475,1881.4991799069448,2261.226291210307
2025.6000000002114,593.8103825962243,546.8698388443457,454.7220902312469,643.6895343625945,984.913707849951,1129.5030592385765,982.9870831828345,1279.5120265350806,1996.164415459777,2058.7145447843395,1875.275545809728,2256.1376688464993
2025.6666666668789,591.4822093943006,544.4399876942523,452.23783395897317,641.4112908070409,982.4827532724183,1127.3650430951316,980.5372105756965,1277.5791762986937,1990.1499331013065,2053.085126222993,1869.07310595957,2251.2269864826526
2025.7333333335464,589.1635094060916,542.021358169926,449.76741762060846,639.1420221919445,980.0573593626381,1125.2290970785875,978.0916615711446,1275.8213463703087,1984.1540862118354,2047.4720365472633,1862.891637012594,2246.05985542246
2025.800000000214,586.8542417617808,539.6138957933221,447.4019198506535,636.7366569738546,977.6375151994462,1123.0952326980873,975.6504405222903,1274.1583945696273,1978.176823167668,2041.8752278153506,1856.7310719040124,2241.288869053046
2025.8666666668814,584.5543657830508,537.2175463807979,445.00936406174463,634.3120767231585,975.2232098738765,1120.9634613376513,973.2135517820537,1272.6173559881147,1972.2180922068492,2036.2946520869032,1850.5913443473694,2236.5348959067023
2025.933333333549,582.2638409820055,534.8322559653521,442.6018391820429,631.897077573281,972.8144324893284,1118.8337942902517,970.6996736646562,1270.836711044617,1966.27784144467,2030.7302614723965,1844.4723858555135,2231.943776253969
2026.0000000002165,579.9826270601404,532.457970929953,440.2076134116882,629.5799395702575,970.4111721617818,1116.7062426972182,968.2705227138355,1269.2076126553727,1960.356018889296,2025.1820080631283,1838.539482259221,2226.9591971950604
2026.066666666884,577.710683910165,530.0946379133309,437.8386724719436,627.2967124643808,968.0134180123545,1114.5808175984616,965.7880707058744,1267.7163432017092,1954.452572185064,2019.649844002518,1832.9082530191533,2221.9865332694208
2026.1333333335515,575.4479716189808,527.7422037770302,435.4587576558391,624.9655525939568,965.6211591571365,1112.4575299323762,963.2379393346345,1266.0063551687156,1948.5674482554539,2014.1337214694138,1826.9641182015253,2217.0257551397094
2026.200000000219,573.1944504449706,525.4006157117109,433.11562989818924,622.6050805321989,963.2343847634024,1110.336390499834,960.5419741135639,1263.9312160665145,1942.700595330296,2008.633592660561,1820.8620780213378,2212.1357671482074
2026.2666666668865,570.9500808384528,523.0698211916397,430.86742614195146,620.3294355939591,960.8530839940233,1108.2174099831873,958.0169627272961,1262.0645704389099,1936.8519609597806,2003.149409833144,1814.6932358421157,2207.489746825869
2026.333333333554,568.714823434076,520.7497679196109,428.6371313199768,617.9984275007882,958.4772460246722,1106.1005989656276,955.6323774535321,1260.2858110012876,1931.0214926403141,1997.681125271584,1808.866236443804,2202.214441861305
2026.4000000002216,566.4886390497581,518.4404038930559,426.4067505763883,615.6764932592558,956.1068600439534,1103.985967905697,953.3324162904183,1258.4780182219165,1925.2091378286573,1992.2286913190912,1802.637409439372,2197.300913140848
2026.466666666889,564.2714886856688,516.1416773520335,424.11386469354727,613.4337395173121,953.7419152535787,1101.8735271682015,951.0447759951671,1256.8709686913053,1919.414843956189,1986.7920603694201,1796.880216169358,2192.5181097087025
2026.5333333335566,562.063333523138,513.8535368575708,421.9633902192462,611.3583967320977,951.3824008684657,1099.7632869746033,948.7268400111498,1255.0896702413522,1913.6385584429677,1981.371184868038,1791.2127536508156,2187.8362364854515
2026.600000000224,559.8641349418002,511.57593116989455,419.6744846938204,609.2903916323929,949.0283061017086,1097.6552574644224,946.4548136271578,1253.3098385015003,1907.8802275225871,1975.9660173242312,1785.388105819805,2182.982711518381
2026.6666666668916,557.6738545013817,509.30880934201804,417.47625936404796,607.1320408640723,946.6796201790703,1095.549448655292,944.1873657029054,1251.597690488392,1902.1397973796686,1970.5765103119877,1779.197989024499,2178.267916138934
2026.7333333335591,555.492453910053,507.05212071402667,415.151491579929,604.8968000374956,944.3363323647976,1093.4458704440992,941.8946937543656,1249.887356755602,1896.417216169965,1965.2026164796557,1773.5360094986825,2173.564224970266
2026.8000000002266,553.319895069979,504.8058148577354,413.013033442343,602.5523735743766,941.9984319226741,1091.344532637257,939.4447486583409,1248.3046709527052,1890.712430979938,1959.8442885378377,1767.786110038633,2168.8674164057643
2026.8666666668942,551.1561400601353,502.56984160572887,410.8221794805372,600.2173603395673,939.6659081297305,1089.2454449265902,937.0714680631476,1246.7041772599862,1885.0253888997868,1954.5014792664938,1761.9567569391863,2164.205377044324
2026.9333333335617,549.0011511352935,500.3441510580376,408.63964328912357,597.8926044938787,937.3387502763354,1087.1486168948504,934.7707792124035,1245.2204750666122,1879.356037034493,1949.1741415265524,1756.2666053738621,2159.6777175432103
2027.0000000002292,546.8548907250516,498.1286935570039,406.4918091727502,595.683985480282,935.0169476663315,1085.0540580236755,932.4496305242812,1243.6690044697168,1873.7043225149785,1943.862228255257,1750.3500964250532,2155.1455350146916
2027.0666666668967,544.7173214327903,495.9234197139797,404.2597599193448,593.4450639514519,932.700489617094,1082.9617776843281,930.0898769918587,1241.9708459062574,1868.0701925090725,1938.565692474035,1744.5210478800154,2150.637982139126
2027.1333333335642,542.5884060668642,493.72828039349497,402.062491044443,591.1000982702425,930.389365443424,1080.8717851375163,927.7345326634675,1240.2497165647862,1862.4535924261008,1933.2844872938226,1738.6795431967444,2146.128736608806
2027.2000000002317,540.4681075810519,491.54322669920305,399.9736158421988,588.855089181035,928.083564487241,1078.7840895519305,925.253347293572,1238.5279653336563,1856.8544692174273,1928.0185659018546,1732.8741751981956,2141.416001241076
2027.2666666668993,538.3563890888245,489.3682100063906,397.89973775638134,586.7197181790463,925.7830761099096,1076.6986999831206,922.705482714583,1236.8056144645082,1851.2727705274247,1922.7678815865454,1727.178852456199,2136.549915967216
2027.3333333335668,536.2532138865987,487.2031819247763,395.7386864812717,584.44424084419,923.4878896801541,1074.6156253911417,920.1856919551713,1235.0826860531508,1845.7084433443656,1917.532387720683,1721.4346711705155,2132.173196797935
2027.4000000002343,534.1585454405913,485.04809431665495,393.56843221170965,582.23721833018,921.1979945802698,1072.534874627328,917.5975522191461,1233.3590416546276,1840.161434692755,1912.3120377739433,1715.7800081317464,2127.7970248562547
2027.4666666669018,532.0723473859027,482.9028992867917,391.5107463290284,580.0524063633693,918.9133802062327,1070.4564564471875,915.015811225811,1231.7847161424386,1834.631691641414,1907.1067853100144,1710.0242808215196,2123.4235924623713
2027.5333333335693,529.9945835255297,480.7675491856761,389.50577250199495,577.924810687218,916.6340359677301,1068.3803795049294,912.5322052925367,1230.232889777663,1829.119161311371,1901.9165839892469,1704.2864540545638,2118.856300605024
2027.6000000002368,527.9252178294494,478.6419966126378,387.51128769158527,575.8127039388597,914.3599512882702,1066.306652352917,910.280208385127,1228.6264422917086,1823.6237908839478,1896.741387574808,1698.598205520626,2114.430695648385
2027.6666666669043,525.8642144692906,476.5261944062101,385.5052678989489,573.6978370913101,912.0911155905239,1064.2352834449928,908.0326503343489,1226.9574801401818,1818.145526084187,1891.5811499254826,1692.9290390550855,2110.197726549671
2027.7333333335719,523.811537736069,474.42009565499563,383.42634790544736,571.602034756278,909.8275183300423,1062.1662811336942,905.7895290090178,1225.2874244222403,1812.684314669659,1886.435825020334,1687.459437121374,2106.048642194789
2027.8000000002394,521.7671520968443,472.32365367811656,381.4433354507832,569.5349942712758,907.5691489714708,1060.099653676926,903.5508422070964,1223.6167697451458,1807.2401039718534,1881.3053669299652,1681.8223395321882,2101.7400470018974
2027.866666666907,519.7310221864586,470.2368220319409,379.4732065953959,567.4760296283459,905.3159969916948,1058.0354092373318,901.2990206588397,1222.0022726520585,1801.8128412185606,1876.1897298334297,1676.407397593191,2097.4270075995964
2027.9333333335744,517.7031128028082,468.1595545229081,377.50751960018556,565.4247705498486,903.0680518814593,1055.9735558755203,899.0867631626787,1220.2632627258727,1796.4024737031862,1871.0888680213423,1671.2175489884114,2093.009885676474
2028.000000000242,515.6833889059687,466.09180516541534,375.4501733130156,563.3811869195487,900.825303145459,1053.9141015690889,896.861366310014,1218.6113521383163,1791.0089487909559,1866.0027358819198,1665.7601355888241,2088.748469591646